weight,first_name,last_name,email,country,ip_address,age
1,Mildred,Young,myoung0@sfgate.com,Philippines,230.5.169.29,49
2,Larry,Arnold,larnold1@mysql.com,China,58.229.65.117,292
3,Henry,Cole,hcole2@weibo.com,Ukraine,133.223.157.82,427
4,Donald,Burton,dburton3@biglobe.ne.jp,China,91.123.97.206,905
5,Chris,Welch,cwelch4@myspace.com,Argentina,160.216.98.118,975
6,Gloria,Grant,ggrant5@nbcnews.com,Malaysia,97.180.139.217,196
7,Lisa,Richards,lrichards6@cocolog-nifty.com,Russia,8.114.207.111,473
8,Thomas,Wood,twood7@cisco.com,Poland,213.213.38.19,677
9,Christine,Olson,colson8@scribd.com,Japan,126.65.44.79,806
10,Dennis,Cruz,dcruz9@usgs.gov,China,178.184.112.53,27
11,Jacqueline,Duncan,jduncana@cisco.com,Brazil,161.38.26.88,398
12,Sara,Crawford,scrawfordb@mit.edu,Croatia,160.244.224.17,752
13,Samuel,Payne,spaynec@va.gov,Russia,18.35.229.233,721
14,Alice,Mason,amasond@wsj.com,North Korea,109.87.222.243,653
15,Adam,Murray,amurraye@fastcompany.com,Indonesia,171.9.220.68,842
16,Amanda,James,ajamesf@rambler.ru,China,164.60.72.157,820
17,Brenda,Gutierrez,bgutierrezg@jimdo.com,China,74.190.162.238,645
18,Richard,Dunn,rdunnh@dropbox.com,Netherlands,225.105.9.173,3
19,Carlos,Coleman,ccolemani@barnesandnoble.com,Philippines,245.158.146.91,926
20,Mildred,Hanson,mhansonj@arstechnica.com,China,92.152.7.213,284
21,Richard,Henderson,rhendersonk@blogspot.com,China,236.63.230.198,172
22,Michelle,Franklin,mfranklinl@un.org,Czech Republic,38.147.218.157,742
23,Larry,Price,lpricem@timesonline.co.uk,China,243.96.142.129,872
24,Joseph,Phillips,jphillipsn@tmall.com,France,20.1.93.251,272
25,Beverly,Robinson,brobinsono@cyberchimps.com,Iran,125.237.216.60,642
26,Jane,Mills,jmillsp@pen.io,Indonesia,175.112.192.186,48
27,Jason,Hawkins,jhawkinsq@nhs.uk,Bosnia and Herzegovina,40.178.193.193,480
28,Carol,Gordon,cgordonr@microsoft.com,Portugal,168.180.247.160,516
29,Robert,Wells,rwellss@webeden.co.uk,China,225.85.182.126,180
30,Daniel,Perkins,dperkinst@amazon.co.uk,Ukraine,231.2.160.150,583
31,Martin,Reid,mreidu@altervista.org,China,68.61.46.97,667
32,Adam,Austin,aaustinv@cdc.gov,China,105.155.37.215,321
33,Karen,Harrison,kharrisonw@archive.org,Indonesia,212.166.130.165,541
34,Albert,Watson,awatsonx@google.ru,Czech Republic,24.168.218.13,651
35,Lois,Anderson,landersony@nba.com,Russia,146.97.255.65,719
36,Lori,Burns,lburnsz@flickr.com,Venezuela,174.243.224.236,867
37,Edward,Matthews,ematthews10@naver.com,South Africa,254.144.17.132,671
38,Randy,Fowler,rfowler11@friendfeed.com,Japan,124.111.87.242,523
39,Benjamin,Riley,briley12@bbc.co.uk,China,127.156.196.247,785
40,Ashley,Bradley,abradley13@studiopress.com,China,136.154.93.153,755
41,Teresa,Powell,tpowell14@usa.gov,Brazil,181.238.182.183,506
42,Patrick,Castillo,pcastillo15@themeforest.net,Lithuania,167.250.23.73,409
43,Margaret,Owens,mowens16@marriott.com,Indonesia,252.181.144.108,525
44,Gerald,Hart,ghart17@tinypic.com,Brazil,241.72.160.18,637
45,Larry,Hanson,lhanson18@whitehouse.gov,Croatia,53.11.238.116,479
46,Patrick,Patterson,ppatterson19@spiegel.de,Brazil,246.117.49.55,621
47,Louis,Lopez,llopez1a@home.pl,Poland,111.187.100.212,223
48,Mark,Rose,mrose1b@statcounter.com,United States,83.130.153.172,367
49,Carol,Patterson,cpatterson1c@dyndns.org,Japan,117.210.228.92,876
50,Janet,Hansen,jhansen1d@gnu.org,China,69.72.94.25,503
51,Keith,Brooks,kbrooks1e@cnn.com,Poland,221.183.190.32,490
52,Ralph,Bradley,rbradley1f@youtu.be,Serbia,163.29.111.124,125
53,Paula,Henry,phenry1g@biglobe.ne.jp,Colombia,45.122.217.177,788
54,Brenda,Wood,bwood1h@gravatar.com,Bolivia,35.216.162.100,610
55,Nicole,Alexander,nalexander1i@jigsy.com,Belarus,0.251.141.227,308
56,Mark,Walker,mwalker1j@wikia.com,Indonesia,136.126.41.90,921
57,Steve,Kelly,skelly1k@bravesites.com,Afghanistan,238.40.160.223,817
58,Carolyn,Lane,clane1l@ca.gov,China,20.200.221.191,887
59,Virginia,Lopez,vlopez1m@devhub.com,Uzbekistan,47.191.236.63,799
60,Kelly,Martinez,kmartinez1n@reference.com,Azerbaijan,33.243.124.87,76
61,Phyllis,Wilson,pwilson1o@intel.com,Pakistan,111.29.36.18,648
62,Harold,Tucker,htucker1p@nba.com,Thailand,56.105.40.74,192
63,Pamela,Riley,priley1q@prnewswire.com,Indonesia,97.172.225.136,143
64,Thomas,Roberts,troberts1r@4shared.com,Bolivia,230.183.17.54,382
65,Marie,Dunn,mdunn1s@hc360.com,China,187.227.201.75,974
66,Anne,Elliott,aelliott1t@senate.gov,Brazil,57.74.190.176,472
67,Walter,Ross,wross1u@instagram.com,Portugal,54.254.168.131,602
68,Emily,Watson,ewatson1v@chronoengine.com,Honduras,183.191.238.246,41
69,Phyllis,Moore,pmoore1w@php.net,Uruguay,116.12.158.35,426
70,Melissa,Ferguson,mferguson1x@comsenz.com,China,126.187.245.188,210
71,Terry,Rice,trice1y@amazon.com,Russia,248.109.237.61,792
72,Russell,Gray,rgray1z@linkedin.com,Somalia,218.93.100.41,955
73,Michael,Ruiz,mruiz20@youtu.be,Philippines,186.139.113.112,590
74,William,Nelson,wnelson21@wunderground.com,Argentina,177.152.252.170,879
75,Clarence,Myers,cmyers22@marketwatch.com,France,176.148.223.92,417
76,Robin,Willis,rwillis23@4shared.com,Kazakhstan,77.119.91.189,788
77,Carlos,Green,cgreen24@shop-pro.jp,Cameroon,156.124.212.85,59
78,Julie,Moore,jmoore25@csmonitor.com,Philippines,84.22.190.237,72
79,Joseph,Sanchez,jsanchez26@com.com,Philippines,123.94.142.121,387
80,James,Robinson,jrobinson27@theatlantic.com,Norway,35.153.233.246,581
81,James,Bryant,jbryant28@creativecommons.org,Latvia,198.145.239.170,996
82,Alan,Hayes,ahayes29@noaa.gov,Indonesia,15.187.103.185,415
83,Carol,Bryant,cbryant2a@uiuc.edu,Russia,211.53.103.40,521
84,Ashley,Mccoy,amccoy2b@reference.com,Kuwait,57.77.252.198,778
85,Louise,Jenkins,ljenkins2c@ebay.co.uk,China,52.85.10.253,574
86,Nicole,Olson,nolson2d@rediff.com,France,112.182.102.178,271
87,Earl,Cruz,ecruz2e@cbslocal.com,Greece,99.121.116.37,15
88,Tammy,Stanley,tstanley2f@tripod.com,Mongolia,148.50.63.117,17
89,Melissa,Diaz,mdiaz2g@si.edu,Bangladesh,82.180.13.11,573
90,Roy,Cooper,rcooper2h@reuters.com,Philippines,166.115.59.150,739
91,Steve,Harrison,sharrison2i@wikispaces.com,Austria,54.97.41.127,884
92,Pamela,Walker,pwalker2j@latimes.com,Sweden,184.140.219.178,269
93,Justin,Reed,jreed2k@redcross.org,China,31.71.100.207,278
94,Todd,Hawkins,thawkins2l@biglobe.ne.jp,China,183.113.240.161,555
95,Eugene,Mcdonald,emcdonald2m@1und1.de,Slovenia,72.10.97.21,770
96,Jason,Brown,jbrown2n@usnews.com,China,73.210.21.138,493
97,Beverly,Brown,bbrown2o@edublogs.org,Portugal,162.5.59.86,319
98,Roy,Mills,rmills2p@nature.com,Nepal,218.1.172.66,653
99,Juan,Tucker,jtucker2q@prweb.com,Russia,197.251.45.115,636
100,Ruth,Hill,rhill2r@netvibes.com,Russia,182.215.31.11,388
101,Carl,Garza,cgarza2s@1und1.de,China,68.168.70.203,88
102,Cynthia,Hernandez,chernandez2t@gov.uk,France,59.72.83.37,830
103,Betty,Hill,bhill2u@icio.us,Portugal,116.75.163.209,583
104,Susan,Alexander,salexander2v@loc.gov,Japan,218.176.59.192,648
105,Carolyn,Harrison,charrison2w@etsy.com,Honduras,90.233.100.198,700
106,Jimmy,Johnson,jjohnson2x@weather.com,Philippines,58.100.223.239,747
107,Chris,Ortiz,cortiz2y@cbc.ca,Philippines,192.61.192.217,557
108,Stephanie,Porter,sporter2z@cpanel.net,Russia,142.227.21.107,99
109,Brenda,Freeman,bfreeman30@paypal.com,Ireland,7.112.39.43,580
110,Nicholas,Woods,nwoods31@hp.com,Portugal,105.22.37.97,77
111,Eric,Warren,ewarren32@uiuc.edu,Norway,173.202.15.220,608
112,Carol,Henderson,chenderson33@boston.com,Japan,186.183.205.158,940
113,Ralph,Russell,rrussell34@pbs.org,Philippines,23.126.112.248,131
114,Jason,Harvey,jharvey35@people.com.cn,Philippines,82.65.148.88,289
115,Edward,Reynolds,ereynolds36@webmd.com,Botswana,106.208.182.45,249
116,Mildred,Ruiz,mruiz37@cargocollective.com,Micronesia,55.157.253.125,542
117,Gary,Hunt,ghunt38@weather.com,Iran,72.172.164.118,227
118,Kathleen,Riley,kriley39@163.com,El Salvador,27.57.51.147,5
119,Beverly,Frazier,bfrazier3a@state.gov,Peru,231.248.7.174,619
120,Cynthia,Kelly,ckelly3b@apache.org,Bosnia and Herzegovina,161.223.127.41,280
121,Antonio,Campbell,acampbell3c@github.com,Mexico,197.45.68.94,688
122,Jennifer,Black,jblack3d@123-reg.co.uk,Sweden,117.150.229.27,372
123,Michael,Perez,mperez3e@myspace.com,Greece,250.4.158.5,936
124,Arthur,Martin,amartin3f@seesaa.net,Indonesia,148.232.51.126,789
125,Marilyn,Gutierrez,mgutierrez3g@wordpress.org,Russia,93.147.210.213,409
126,Robert,Hernandez,rhernandez3h@shutterfly.com,Japan,35.113.143.25,591
127,Shawn,Fisher,sfisher3i@hubpages.com,Syria,191.48.249.143,665
128,Anna,Lee,alee3j@wikipedia.org,Finland,255.53.16.157,503
129,Cynthia,Wright,cwright3k@flickr.com,Sweden,129.33.9.246,266
130,Victor,Jordan,vjordan3l@istockphoto.com,China,183.107.207.89,61
131,Kevin,Mason,kmason3m@msn.com,Brazil,15.192.236.83,721
132,Tammy,Patterson,tpatterson3n@jimdo.com,Czech Republic,12.0.246.162,630
133,Keith,Scott,kscott3o@xrea.com,Japan,156.167.147.109,952
134,Angela,Chapman,achapman3p@house.gov,Sweden,38.24.30.126,294
135,Henry,Sims,hsims3q@tripadvisor.com,Indonesia,187.84.96.54,547
136,Shirley,Marshall,smarshall3r@canalblog.com,Poland,4.137.252.177,725
137,Roger,Cunningham,rcunningham3s@yahoo.com,Philippines,10.45.128.239,138
138,Kelly,Daniels,kdaniels3t@pinterest.com,Indonesia,217.96.206.16,44
139,Steven,Dean,sdean3u@issuu.com,Mayotte,203.192.107.176,99
140,Randy,Ross,rross3v@ebay.com,Armenia,82.115.154.120,769
141,Bruce,Dean,bdean3w@census.gov,Tanzania,209.248.74.208,814
142,Craig,Davis,cdavis3x@loc.gov,Philippines,0.24.147.23,252
143,Elizabeth,Wood,ewood3y@list-manage.com,Argentina,6.72.222.175,446
144,Christina,Gardner,cgardner3z@springer.com,Indonesia,38.192.198.140,944
145,Nancy,Shaw,nshaw40@yellowbook.com,Palestinian Territory,29.187.87.198,126
146,Sharon,Fowler,sfowler41@globo.com,China,45.78.86.85,807
147,Timothy,Alvarez,talvarez42@eventbrite.com,Russia,216.25.55.151,141
148,Matthew,Mitchell,mmitchell43@bloglines.com,Dominican Republic,91.141.15.184,240
149,Cheryl,Reed,creed44@paginegialle.it,China,203.31.121.61,767
150,Joyce,Harrison,jharrison45@wikia.com,France,251.140.20.167,998
151,Billy,Anderson,banderson46@diigo.com,Mongolia,225.233.248.163,837
152,Arthur,Porter,aporter47@myspace.com,Philippines,235.46.18.51,264
153,Brian,Armstrong,barmstrong48@seattletimes.com,Russia,155.159.104.40,130
154,Michelle,Moore,mmoore49@de.vu,Madagascar,168.52.214.236,419
155,Ralph,James,rjames4a@skype.com,Vietnam,198.177.232.222,876
156,Gerald,Davis,gdavis4b@google.com,Portugal,193.148.208.19,635
157,Fred,Johnson,fjohnson4c@goodreads.com,Poland,31.126.169.165,156
158,Norma,Ferguson,nferguson4d@nih.gov,Indonesia,166.244.201.124,837
159,Jennifer,Welch,jwelch4e@va.gov,United States,111.244.224.100,80
160,Craig,Walker,cwalker4f@pcworld.com,Sweden,72.17.144.14,604
161,Doris,Bryant,dbryant4g@liveinternet.ru,Brazil,249.240.77.178,730
162,Betty,Duncan,bduncan4h@jiathis.com,Indonesia,138.74.136.253,682
163,Martin,Duncan,mduncan4i@patch.com,Peru,246.41.168.46,201
164,Virginia,Ferguson,vferguson4j@github.io,China,211.162.248.240,486
165,Alice,Sanchez,asanchez4k@nytimes.com,Zambia,223.28.145.215,501
166,Janice,Gilbert,jgilbert4l@seattletimes.com,Argentina,185.243.35.65,282
167,Michelle,Rivera,mrivera4m@a8.net,Uzbekistan,60.113.232.41,41
168,Theresa,Meyer,tmeyer4n@cloudflare.com,Indonesia,67.26.62.19,748
169,Ruth,Lawson,rlawson4o@infoseek.co.jp,Croatia,42.233.118.107,786
170,Ann,Oliver,aoliver4p@networkadvertising.org,Ukraine,232.220.248.53,876
171,Wayne,Collins,wcollins4q@paypal.com,China,27.245.189.19,557
172,Sara,Murphy,smurphy4r@mayoclinic.com,China,125.13.233.133,518
173,Justin,Sullivan,jsullivan4s@loc.gov,Albania,232.44.134.123,733
174,Wanda,Ferguson,wferguson4t@google.nl,Brazil,70.38.152.12,886
175,Eugene,Stephens,estephens4u@newsvine.com,Indonesia,54.158.251.134,301
176,Brian,Greene,bgreene4v@telegraph.co.uk,France,33.223.55.206,938
177,Amanda,Alexander,aalexander4w@over-blog.com,Albania,24.54.250.56,75
178,Louise,Anderson,landerson4x@rediff.com,Vietnam,98.129.107.134,409
179,Kevin,Webb,kwebb4y@toplist.cz,Brazil,45.108.147.19,810
180,Joan,Black,jblack4z@goodreads.com,China,45.214.156.198,982
181,Aaron,Hernandez,ahernandez50@nsw.gov.au,Mexico,24.198.225.186,68
182,Howard,Warren,hwarren51@dropbox.com,Egypt,227.221.65.203,887
183,Amy,Mitchell,amitchell52@nymag.com,Ireland,209.156.167.160,977
184,Lori,Morris,lmorris53@studiopress.com,Indonesia,186.41.182.77,794
185,Stephen,Boyd,sboyd54@google.de,Peru,23.239.34.193,106
186,Amanda,Smith,asmith55@scribd.com,Uganda,0.200.210.62,798
187,Gregory,Alvarez,galvarez56@buzzfeed.com,Indonesia,245.55.121.53,188
188,Julie,Mendoza,jmendoza57@canalblog.com,Thailand,221.131.48.27,360
189,Irene,Martin,imartin58@nih.gov,Poland,6.172.45.179,827
190,Bonnie,Larson,blarson59@reverbnation.com,Kenya,169.173.61.159,291
191,Juan,Mills,jmills5a@canalblog.com,Indonesia,228.38.10.154,847
192,Jeffrey,Garrett,jgarrett5b@cpanel.net,China,129.97.252.89,508
193,Kelly,Olson,kolson5c@statcounter.com,Philippines,67.71.141.196,900
194,Bonnie,Edwards,bedwards5d@hc360.com,Sweden,206.62.129.171,81
195,Nicholas,Perkins,nperkins5e@elpais.com,China,148.231.141.100,996
196,Jane,Grant,jgrant5f@so-net.ne.jp,China,49.113.214.25,384
197,Albert,Stanley,astanley5g@unblog.fr,Honduras,50.202.244.241,843
198,Cheryl,Young,cyoung5h@smugmug.com,Ivory Coast,27.239.161.93,31
199,Douglas,Wheeler,dwheeler5i@netvibes.com,Suriname,191.126.76.66,616
200,Harold,Ortiz,hortiz5j@bloomberg.com,Indonesia,53.16.111.113,646
201,Bonnie,Wheeler,bwheeler5k@mashable.com,France,57.74.172.152,547
202,Laura,Meyer,lmeyer5l@blogtalkradio.com,Nigeria,254.3.156.170,964
203,Jeremy,Vasquez,jvasquez5m@mtv.com,France,225.89.174.130,538
204,Harold,Mills,hmills5n@storify.com,Czech Republic,252.206.16.243,951
205,Larry,Clark,lclark5o@dagondesign.com,South Korea,105.74.57.10,533
206,Ralph,Hawkins,rhawkins5p@unesco.org,Colombia,58.4.13.164,490
207,Johnny,Riley,jriley5q@cbsnews.com,China,169.198.41.139,286
208,Cheryl,Robertson,crobertson5r@dot.gov,Brazil,63.154.58.249,738
209,Andrea,Pierce,apierce5s@ucoz.com,Bosnia and Herzegovina,107.78.131.127,267
210,Jacqueline,Marshall,jmarshall5t@pagesperso-orange.fr,Armenia,79.105.181.126,842
211,Nicole,Spencer,nspencer5u@omniture.com,China,19.80.152.185,818
212,Randy,Washington,rwashington5v@i2i.jp,Liberia,51.70.185.42,13
213,Justin,Stanley,jstanley5w@t.co,Indonesia,175.177.10.8,699
214,Steve,Schmidt,sschmidt5x@mysql.com,China,185.46.104.228,920
215,Paul,Wood,pwood5y@themeforest.net,Canada,53.141.88.11,645
216,Earl,Jones,ejones5z@google.com.au,China,131.127.251.55,46
217,Clarence,Fuller,cfuller60@oracle.com,Russia,183.15.195.155,447
218,Joyce,Smith,jsmith61@reverbnation.com,China,237.8.210.32,514
219,Ashley,Palmer,apalmer62@phoca.cz,Somalia,20.112.130.143,626
220,Julia,Moore,jmoore63@baidu.com,United States,35.85.103.78,249
221,Emily,Burns,eburns64@who.int,United States,66.245.249.243,555
222,Nicholas,Cook,ncook65@baidu.com,Portugal,157.126.130.128,924
223,Ann,Peterson,apeterson66@nhs.uk,Israel,78.206.76.234,386
224,Maria,Reed,mreed67@meetup.com,China,217.178.107.13,599
225,Julie,Fernandez,jfernandez68@friendfeed.com,Niger,5.67.245.151,328
226,Johnny,Carroll,jcarroll69@engadget.com,Ukraine,13.209.100.37,95
227,Frances,Wright,fwright6a@blogs.com,Russia,35.95.102.252,626
228,Donna,Powell,dpowell6b@webmd.com,Canada,2.194.75.51,537
229,Alice,Fields,afields6c@surveymonkey.com,Iran,240.142.115.203,261
230,Steve,Walker,swalker6d@deviantart.com,Poland,138.59.82.97,372
231,George,Mcdonald,gmcdonald6e@wisc.edu,Brazil,49.106.80.241,830
232,Edward,Walker,ewalker6f@360.cn,Portugal,207.131.191.154,588
233,Louis,Burke,lburke6g@topsy.com,France,168.59.174.151,47
234,Jessica,Garcia,jgarcia6h@pcworld.com,Philippines,239.178.245.234,133
235,Edward,Black,eblack6i@printfriendly.com,Russia,143.225.196.223,877
236,Christina,Morrison,cmorrison6j@berkeley.edu,Brazil,143.124.226.1,480
237,Tina,Schmidt,tschmidt6k@dailymotion.com,Thailand,140.113.12.166,90
238,Scott,Frazier,sfrazier6l@usa.gov,Indonesia,42.53.193.147,780
239,Michael,Reid,mreid6m@mtv.com,Indonesia,76.207.192.66,850
240,Jane,Holmes,jholmes6n@house.gov,Norway,180.141.19.97,147
241,Judith,Ray,jray6o@samsung.com,Malaysia,237.201.112.199,168
242,Stephanie,Carr,scarr6p@globo.com,Colombia,99.207.13.59,254
243,Norma,Sullivan,nsullivan6q@amazonaws.com,Philippines,1.230.205.162,88
244,Richard,Gonzales,rgonzales6r@deviantart.com,Vietnam,23.135.47.134,14
245,Justin,Powell,jpowell6s@ucla.edu,Albania,20.102.33.138,917
246,Judy,Ryan,jryan6t@wix.com,Kuwait,139.237.244.238,83
247,Carol,Black,cblack6u@cyberchimps.com,Poland,188.97.246.195,869
248,Ruth,Cook,rcook6v@ucoz.com,Greece,70.27.203.224,900
249,Theresa,West,twest6w@plala.or.jp,China,26.245.28.195,734
250,Willie,Rivera,wrivera6x@eepurl.com,Slovenia,163.235.176.83,800
251,Donald,Reed,dreed6y@topsy.com,Thailand,199.24.251.248,938
252,Jessica,Ferguson,jferguson6z@google.com.hk,Syria,117.167.101.120,130
253,Julia,Meyer,jmeyer70@phpbb.com,Papua New Guinea,148.192.68.169,995
254,Jack,Harris,jharris71@acquirethisname.com,Portugal,186.24.139.87,955
255,Brian,Coleman,bcoleman72@nhs.uk,United States,198.10.31.3,951
256,James,Lewis,jlewis73@hhs.gov,Uganda,217.202.75.193,583
257,Amanda,Arnold,aarnold74@weibo.com,Tunisia,218.171.135.65,167
258,Fred,Nelson,fnelson75@sohu.com,United States,106.114.138.119,661
259,David,Stone,dstone76@twitpic.com,Argentina,152.98.118.189,471
260,Kathleen,Gomez,kgomez77@latimes.com,China,153.200.92.61,774
261,James,Thomas,jthomas78@irs.gov,Ukraine,133.38.109.82,613
262,Jimmy,Diaz,jdiaz79@dailymotion.com,Indonesia,65.232.209.212,539
263,Benjamin,Vasquez,bvasquez7a@ameblo.jp,Russia,173.46.169.76,964
264,Dennis,Owens,dowens7b@cdbaby.com,Canada,9.78.201.146,802
265,Elizabeth,Ramirez,eramirez7c@fc2.com,Poland,172.238.38.234,847
266,Frank,Freeman,ffreeman7d@telegraph.co.uk,Philippines,135.172.167.193,902
267,Mildred,Thompson,mthompson7e@seesaa.net,Indonesia,223.249.189.0,670
268,Steve,Long,slong7f@hp.com,Czech Republic,50.67.170.154,459
269,Gary,Thomas,gthomas7g@163.com,Morocco,199.3.168.85,598
270,Ernest,Watkins,ewatkins7h@vistaprint.com,Indonesia,70.177.39.82,470
271,James,Mitchell,jmitchell7i@slashdot.org,Gabon,143.6.112.144,894
272,Beverly,Ruiz,bruiz7j@seesaa.net,Japan,189.237.235.14,961
273,Sharon,Lewis,slewis7k@usnews.com,China,63.59.33.16,50
274,Raymond,Johnson,rjohnson7l@tripadvisor.com,Malaysia,102.184.35.119,706
275,Jeremy,Carter,jcarter7m@un.org,Canada,15.84.129.161,840
276,Ryan,Myers,rmyers7n@surveymonkey.com,China,32.190.200.241,644
277,Jack,Robertson,jrobertson7o@oaic.gov.au,China,208.244.92.63,748
278,Bonnie,Crawford,bcrawford7p@amazon.co.uk,China,53.246.137.119,797
279,Douglas,Banks,dbanks7q@printfriendly.com,Brazil,2.47.68.57,208
280,Kenneth,Wagner,kwagner7r@unesco.org,Yemen,55.153.109.249,586
281,Jane,Kelley,jkelley7s@parallels.com,Indonesia,241.193.10.32,985
282,Russell,Wright,rwright7t@4shared.com,Canada,137.43.19.53,259
283,Janice,Wagner,jwagner7u@webmd.com,Palau,213.163.212.192,804
284,Steven,Bryant,sbryant7v@wufoo.com,Argentina,50.169.48.149,52
285,Gary,Carpenter,gcarpenter7w@salon.com,Indonesia,143.101.238.176,840
286,Harry,Oliver,holiver7x@unicef.org,Thailand,180.138.22.19,530
287,Donald,Warren,dwarren7y@stanford.edu,Poland,223.33.44.95,745
288,Paula,Ward,pward7z@e-recht24.de,Brazil,96.181.80.168,504
289,Donald,Reid,dreid80@about.me,Austria,172.238.202.84,944
290,Ann,Williams,awilliams81@topsy.com,Philippines,106.204.148.102,722
291,Catherine,Crawford,ccrawford82@state.tx.us,Nigeria,248.234.179.96,354
292,Gregory,Romero,gromero83@i2i.jp,Ukraine,188.101.238.219,449
293,Christina,Ferguson,cferguson84@t.co,China,188.179.44.35,425
294,Beverly,Lopez,blopez85@taobao.com,Indonesia,236.47.232.176,236
295,Victor,Robinson,vrobinson86@sogou.com,China,227.187.192.161,326
296,Samuel,Morris,smorris87@about.me,Dominican Republic,222.178.34.63,161
297,Pamela,Porter,pporter88@mayoclinic.com,Spain,194.53.184.84,703
298,Stephen,Walker,swalker89@hexun.com,Morocco,186.63.249.80,169
299,Jessica,Martin,jmartin8a@techcrunch.com,Ecuador,88.204.190.181,757
300,Nicole,Evans,nevans8b@networksolutions.com,Poland,185.98.12.224,304
301,Virginia,Webb,vwebb8c@spiegel.de,Portugal,173.26.94.178,116
302,Louise,Rose,lrose8d@plala.or.jp,Portugal,37.97.86.83,210
303,Nicole,Taylor,ntaylor8e@go.com,Mexico,119.76.119.74,74
304,Gary,Rose,grose8f@issuu.com,Brazil,7.255.104.120,138
305,Aaron,Wallace,awallace8g@devhub.com,China,245.8.183.57,806
306,Nicole,Nelson,nnelson8h@slate.com,Philippines,152.64.165.19,935
307,Ruby,Wallace,rwallace8i@soundcloud.com,Indonesia,138.143.63.124,671
308,Rachel,Hanson,rhanson8j@fotki.com,France,68.133.190.30,543
309,Fred,Mccoy,fmccoy8k@upenn.edu,Kenya,148.171.23.13,750
310,Maria,Reed,mreed8l@amazonaws.com,Canada,216.96.43.87,735
311,John,Hanson,jhanson8m@fc2.com,Indonesia,180.26.151.47,227
312,Thomas,Murray,tmurray8n@themeforest.net,Vietnam,222.216.188.56,918
313,Edward,Hall,ehall8o@jimdo.com,China,31.162.8.242,372
314,Walter,Murray,wmurray8p@msn.com,Indonesia,74.254.63.149,232
315,Christina,Gibson,cgibson8q@live.com,Zambia,218.53.87.113,663
316,Paul,Kim,pkim8r@creativecommons.org,Russia,196.0.106.24,769
317,Dennis,Garcia,dgarcia8s@sogou.com,Czech Republic,241.210.152.10,665
318,Brandon,Turner,bturner8t@timesonline.co.uk,Djibouti,123.163.36.46,415
319,Samuel,Ford,sford8u@tumblr.com,Philippines,250.220.7.104,388
320,Thomas,Stewart,tstewart8v@bizjournals.com,Greece,128.3.174.38,933
321,Richard,Dunn,rdunn8w@economist.com,Iran,102.232.57.149,575
322,Sharon,Brooks,sbrooks8x@quantcast.com,Indonesia,68.151.101.162,194
323,Lawrence,Meyer,lmeyer8y@cam.ac.uk,Portugal,7.63.171.142,780
324,Brenda,Ruiz,bruiz8z@sitemeter.com,Panama,26.202.37.21,687
325,Christine,Hawkins,chawkins90@geocities.com,China,89.249.187.14,318
326,Gary,Thompson,gthompson91@narod.ru,Russia,244.1.12.58,370
327,Eugene,Bennett,ebennett92@va.gov,Russia,48.20.29.34,590
328,Michelle,Bryant,mbryant93@newyorker.com,Indonesia,220.143.180.86,61
329,Debra,James,djames94@paypal.com,Russia,217.71.25.52,486
330,Rebecca,Hanson,rhanson95@wufoo.com,Canada,160.15.196.185,384
331,Bonnie,Meyer,bmeyer96@shutterfly.com,Sweden,114.206.100.87,27
332,Adam,Griffin,agriffin97@ed.gov,Indonesia,21.117.83.228,437
333,Adam,Jordan,ajordan98@booking.com,China,58.159.90.171,34
334,Jane,Hanson,jhanson99@rediff.com,Slovenia,206.56.111.250,159
335,Brandon,Ward,bward9a@msn.com,Lebanon,164.108.5.19,109
336,Russell,Morris,rmorris9b@hatena.ne.jp,Russia,244.203.207.254,432
337,Paula,Larson,plarson9c@uol.com.br,Portugal,185.153.29.217,947
338,Pamela,Jackson,pjackson9d@ucsd.edu,Luxembourg,111.103.25.242,688
339,Peter,Lewis,plewis9e@issuu.com,Indonesia,52.103.82.29,38
340,Irene,Chavez,ichavez9f@patch.com,Honduras,12.60.202.69,376
341,Cheryl,Ferguson,cferguson9g@myspace.com,Czech Republic,153.209.61.184,633
342,Shirley,Fields,sfields9h@washingtonpost.com,Indonesia,244.202.49.187,696
343,Michelle,Bennett,mbennett9i@sciencedaily.com,Philippines,41.29.61.16,108
344,James,Davis,jdavis9j@illinois.edu,Indonesia,251.116.138.224,572
345,Paul,Wallace,pwallace9k@purevolume.com,Philippines,188.92.168.146,686
346,Matthew,Miller,mmiller9l@goodreads.com,China,186.7.206.20,797
347,Eugene,Stephens,estephens9m@microsoft.com,Poland,84.4.105.227,825
348,Rachel,Ruiz,rruiz9n@dailymail.co.uk,Portugal,249.79.154.26,997
349,Lois,Mccoy,lmccoy9o@pbs.org,Sweden,40.60.204.185,380
350,Paul,Olson,polson9p@hostgator.com,Malaysia,206.252.91.20,65
351,Tammy,Nelson,tnelson9q@jalbum.net,Russia,37.227.154.138,258
352,Amanda,Johnson,ajohnson9r@ca.gov,Portugal,175.157.232.105,37
353,Peter,Morrison,pmorrison9s@dmoz.org,Slovenia,126.54.164.11,271
354,Russell,Dixon,rdixon9t@sciencedaily.com,Philippines,119.80.242.98,683
355,William,Andrews,wandrews9u@deliciousdays.com,Russia,38.249.199.11,409
356,Paul,Day,pday9v@myspace.com,China,178.198.8.254,380
357,Ruby,Gonzales,rgonzales9w@adobe.com,Brazil,5.119.169.82,704
358,Billy,Clark,bclark9x@geocities.jp,Indonesia,251.18.11.75,448
359,Chris,Green,cgreen9y@cnbc.com,France,67.41.206.242,235
360,Susan,Torres,storres9z@usgs.gov,China,29.35.216.212,145
361,Chris,Perkins,cperkinsa0@gov.uk,Japan,196.131.97.65,172
362,Jessica,Gordon,jgordona1@columbia.edu,Russia,1.69.242.45,836
363,Catherine,Kelly,ckellya2@blogs.com,Vietnam,153.123.224.141,241
364,Sarah,Perkins,sperkinsa3@google.com.br,Argentina,137.144.158.76,609
365,Lois,Butler,lbutlera4@cpanel.net,France,103.124.195.240,270
366,Deborah,Gibson,dgibsona5@live.com,Costa Rica,7.115.253.169,382
367,Phillip,Evans,pevansa6@adobe.com,Sweden,4.119.132.98,740
368,Justin,Mitchell,jmitchella7@sun.com,Tunisia,78.124.147.53,611
369,Scott,Mills,smillsa8@cnet.com,Palestinian Territory,11.22.105.137,571
370,Jesse,Hunt,jhunta9@amazon.co.jp,China,190.133.108.47,169
371,Roy,Fernandez,rfernandezaa@bluehost.com,China,123.7.120.24,594
372,Walter,Sullivan,wsullivanab@businessinsider.com,Indonesia,236.25.111.217,431
373,Kathleen,Hicks,khicksac@devhub.com,Kuwait,217.203.1.107,876
374,Shirley,Tucker,stuckerad@google.es,Indonesia,231.193.128.22,864
375,Jean,Matthews,jmatthewsae@oakley.com,China,223.117.3.59,233
376,David,Andrews,dandrewsaf@harvard.edu,Indonesia,0.125.180.243,174
377,Katherine,Burns,kburnsag@shinystat.com,Canada,52.107.90.202,878
378,Louis,Hicks,lhicksah@icq.com,Poland,164.81.61.237,612
379,Ashley,Garza,agarzaai@tinypic.com,Ukraine,134.13.186.43,626
380,Karen,Richards,krichardsaj@desdev.cn,United States,164.247.249.172,307
381,Eugene,Hansen,ehansenak@meetup.com,Albania,16.0.246.153,187
382,Kevin,Hawkins,khawkinsal@prweb.com,China,213.236.40.190,787
383,Elizabeth,Nichols,enicholsam@prnewswire.com,Philippines,234.44.11.44,9
384,Judy,Gardner,jgardneran@ca.gov,Portugal,172.37.113.152,797
385,Michelle,Garcia,mgarciaao@sohu.com,Tunisia,219.132.158.61,19
386,Susan,Garrett,sgarrettap@weebly.com,Indonesia,252.14.145.243,253
387,Robin,Green,rgreenaq@youtu.be,Peru,150.227.227.115,571
388,Walter,Kim,wkimar@parallels.com,China,223.204.249.102,144
389,Ann,Martinez,amartinezas@dropbox.com,Russia,205.63.194.35,774
390,Carol,Fernandez,cfernandezat@arstechnica.com,France,128.245.246.215,989
391,Walter,Robinson,wrobinsonau@yahoo.co.jp,China,246.16.95.68,556
392,Elizabeth,Gilbert,egilbertav@opensource.org,Czech Republic,9.106.213.213,326
393,Shawn,Graham,sgrahamaw@cornell.edu,Serbia,84.236.237.27,502
394,Emily,Carr,ecarrax@ucla.edu,United States,32.185.8.19,937
395,James,Foster,jfosteray@virginia.edu,China,45.222.92.231,41
396,Virginia,Day,vdayaz@odnoklassniki.ru,Nepal,166.218.136.235,231
397,Michelle,Bailey,mbaileyb0@shareasale.com,Canada,235.137.49.108,443
398,Jason,Vasquez,jvasquezb1@so-net.ne.jp,Netherlands,190.248.58.231,662
399,Phillip,Hughes,phughesb2@nbcnews.com,Portugal,156.219.232.220,128
400,Maria,Williamson,mwilliamsonb3@e-recht24.de,Indonesia,63.77.114.176,619
401,Tina,Berry,tberryb4@google.nl,Poland,109.138.148.119,680
402,Stephen,Peterson,spetersonb5@pen.io,Canada,131.34.224.142,862
403,Eugene,Garza,egarzab6@bloglovin.com,Slovenia,53.130.94.84,504
404,Lois,Matthews,lmatthewsb7@bigcartel.com,Russia,28.157.217.159,286
405,Douglas,Burns,dburnsb8@fotki.com,Canada,203.121.153.208,104
406,Sandra,Larson,slarsonb9@dropbox.com,Philippines,241.73.25.58,81
407,Howard,Gilbert,hgilbertba@php.net,Finland,94.21.191.22,51
408,Cheryl,Andrews,candrewsbb@ameblo.jp,Benin,164.108.2.214,756
409,Matthew,Mason,mmasonbc@narod.ru,Philippines,207.2.111.213,106
410,Ruby,Ford,rfordbd@google.com.au,China,212.58.72.39,529
411,Billy,Bishop,bbishopbe@cdc.gov,Poland,75.235.228.195,406
412,Carolyn,Gomez,cgomezbf@tinypic.com,Philippines,249.238.170.48,584
413,Margaret,Fowler,mfowlerbg@ocn.ne.jp,Armenia,71.188.103.194,997
414,Kenneth,Diaz,kdiazbh@nih.gov,Laos,118.15.201.22,159
415,Alan,Rivera,ariverabi@cornell.edu,Mexico,176.156.53.32,605
416,Anna,Perez,aperezbj@constantcontact.com,Indonesia,16.200.116.186,656
417,Ronald,Burke,rburkebk@wisc.edu,China,110.246.169.31,982
418,Sharon,Carroll,scarrollbl@disqus.com,Indonesia,100.113.15.182,33
419,Rose,Berry,rberrybm@smugmug.com,Japan,220.174.187.110,872
420,Juan,Arnold,jarnoldbn@opensource.org,China,228.130.85.142,878
421,Eric,Graham,egrahambo@merriam-webster.com,Indonesia,87.100.66.159,878
422,Theresa,Dixon,tdixonbp@oaic.gov.au,Philippines,90.190.50.192,246
423,Nancy,Taylor,ntaylorbq@elegantthemes.com,Yemen,136.178.11.177,155
424,Dennis,Mitchell,dmitchellbr@wordpress.com,Philippines,99.177.143.141,308
425,Kelly,Robinson,krobinsonbs@sciencedirect.com,Palestinian Territory,239.140.33.26,325
426,Wayne,Adams,wadamsbt@ask.com,Bangladesh,211.15.33.105,613
427,Jeremy,Freeman,jfreemanbu@wiley.com,Ireland,191.127.23.77,763
428,Karen,Rodriguez,krodriguezbv@forbes.com,France,163.24.87.86,661
429,Aaron,Jacobs,ajacobsbw@simplemachines.org,Czech Republic,143.116.37.214,718
430,Brandon,Fowler,bfowlerbx@sfgate.com,Serbia,18.158.148.227,232
431,Kenneth,Baker,kbakerby@sciencedaily.com,Honduras,188.77.54.37,470
432,Michael,Murphy,mmurphybz@example.com,Brazil,210.231.147.133,118
433,Chris,Jordan,cjordanc0@cocolog-nifty.com,United States,58.22.186.229,513
434,Daniel,Morris,dmorrisc1@google.co.uk,Brazil,227.37.152.255,573
435,Teresa,Vasquez,tvasquezc2@berkeley.edu,China,131.99.211.8,572
436,Amanda,Kim,akimc3@arizona.edu,Indonesia,70.121.72.80,767
437,Brandon,Young,byoungc4@marriott.com,Canada,122.199.85.29,36
438,Angela,Wells,awellsc5@wikipedia.org,Norway,171.204.160.9,333
439,Philip,Williamson,pwilliamsonc6@businessweek.com,Kenya,194.196.25.208,111
440,Diana,Gray,dgrayc7@spotify.com,Mongolia,70.22.245.167,826
441,Ralph,Clark,rclarkc8@reference.com,Poland,128.59.102.222,633
442,Carolyn,Vasquez,cvasquezc9@home.pl,China,216.157.110.26,927
443,Raymond,Ramirez,rramirezca@home.pl,Portugal,228.180.154.80,228
444,Earl,Grant,egrantcb@scientificamerican.com,Pakistan,176.131.71.78,841
445,Joe,Parker,jparkercc@gmpg.org,Russia,182.59.202.186,818
446,Russell,Mcdonald,rmcdonaldcd@sourceforge.net,Portugal,117.7.199.73,471
447,Eric,Snyder,esnyderce@sfgate.com,Denmark,186.128.86.33,808
448,Bruce,Matthews,bmatthewscf@foxnews.com,Indonesia,21.56.117.167,505
449,Michael,Willis,mwilliscg@usatoday.com,Russia,109.139.235.142,854
450,Randy,Kennedy,rkennedych@craigslist.org,China,222.76.168.79,818
451,Lillian,Ford,lfordci@hubpages.com,Greece,214.94.122.221,606
452,Gary,Murray,gmurraycj@trellian.com,Indonesia,111.153.160.186,751
453,Nancy,Riley,nrileyck@amazon.co.jp,Nigeria,114.164.100.240,844
454,Joseph,Parker,jparkercl@netscape.com,China,133.102.253.24,456
455,Harry,Jones,hjonescm@networkadvertising.org,Egypt,191.169.185.253,288
456,Juan,Sanders,jsanderscn@skyrock.com,Portugal,246.128.251.231,227
457,Cynthia,Mitchell,cmitchellco@yellowbook.com,Russia,132.4.5.160,14
458,Christopher,Hansen,chansencp@qq.com,Russia,22.11.154.110,448
459,Patricia,Chavez,pchavezcq@blogger.com,China,67.11.8.97,654
460,Janice,Rivera,jriveracr@yellowpages.com,China,160.153.171.209,151
461,Joseph,Arnold,jarnoldcs@creativecommons.org,Czech Republic,240.225.123.205,847
462,Joshua,Porter,jporterct@cnn.com,Russia,131.149.235.137,886
463,Jimmy,Rivera,jriveracu@apple.com,Iran,135.122.108.207,711
464,Phillip,Oliver,polivercv@cdbaby.com,Vietnam,100.112.85.86,776
465,Laura,Fowler,lfowlercw@hugedomains.com,Indonesia,221.37.47.188,901
466,Jacqueline,Harvey,jharveycx@usatoday.com,Indonesia,218.104.12.140,624
467,Beverly,Palmer,bpalmercy@blogs.com,Armenia,99.212.172.139,678
468,Teresa,Wheeler,twheelercz@patch.com,France,236.13.241.5,320
469,Rebecca,Webb,rwebbd0@prweb.com,Thailand,189.172.213.230,556
470,Patrick,Wallace,pwallaced1@illinois.edu,Poland,44.69.30.60,915
471,Benjamin,Day,bdayd2@tripadvisor.com,Croatia,144.102.113.190,215
472,Brenda,Peterson,bpetersond3@edublogs.org,Honduras,18.60.194.76,478
473,Theresa,Nguyen,tnguyend4@blinklist.com,China,94.89.193.50,752
474,Evelyn,Peterson,epetersond5@myspace.com,China,54.30.138.175,668
475,Randy,Foster,rfosterd6@webmd.com,France,134.39.83.166,608
476,Ruby,Nelson,rnelsond7@examiner.com,China,129.163.206.49,984
477,Shawn,Martinez,smartinezd8@newsvine.com,China,151.31.179.90,924
478,Ryan,Stephens,rstephensd9@slideshare.net,El Salvador,174.181.92.31,171
479,Eric,Simmons,esimmonsda@nba.com,Indonesia,83.9.67.155,648
480,Anna,Brown,abrowndb@freewebs.com,Moldova,215.78.236.142,12
481,Anna,Washington,awashingtondc@stanford.edu,Finland,115.248.172.55,461
482,Deborah,Burns,dburnsdd@t.co,China,142.85.196.33,695
483,Mary,Lee,mleede@cisco.com,Mexico,143.7.186.141,260
484,Victor,Andrews,vandrewsdf@nytimes.com,Philippines,134.192.64.211,507
485,Brenda,King,bkingdg@google.it,Mali,47.174.34.59,177
486,Lillian,Morris,lmorrisdh@google.com.au,China,66.154.5.99,841
487,Jason,Bishop,jbishopdi@omniture.com,Russia,159.216.22.27,379
488,Carol,Boyd,cboyddj@umn.edu,China,58.233.32.148,749
489,Roger,Simmons,rsimmonsdk@hexun.com,Indonesia,96.253.234.54,658
490,Harold,Jones,hjonesdl@nature.com,Costa Rica,77.51.224.19,500
491,Harold,Wright,hwrightdm@ed.gov,Brazil,141.67.240.141,846
492,Kelly,George,kgeorgedn@mozilla.com,Indonesia,179.242.145.57,985
493,Laura,Richardson,lrichardsondo@xrea.com,China,15.43.201.196,520
494,Carlos,Murphy,cmurphydp@bizjournals.com,Belarus,112.48.46.124,257
495,Anthony,Evans,aevansdq@goo.ne.jp,China,129.15.23.116,914
496,Louis,Lane,llanedr@dell.com,Indonesia,115.141.30.96,751
497,Aaron,Brooks,abrooksds@newyorker.com,Zimbabwe,85.69.223.96,997
498,Kathy,Ray,kraydt@jiathis.com,France,233.39.205.240,999
